No.,codigo_aislado,animal_experimentacion,unicode,DEPARTAMENTO,PROVINCIA,DISTRITO,LOCALIDAD,ESTUDIO,captura,cod_campo,FECHA COLECTA ,cod_lab,PROCEDENCIA DEL AISLADO,TIPO DE INOCULO,ESPECIE DE ANIMAL PARA AISLAMIENTO,FECHA DE AISLAMIENTO EN ANIMAL,FECHA DE AISLAMIENTO EN MEDIO LID,CEPAS ENVIADAS AL CDC LEGARON EL 05/05/2011,CEPAS  ENVIADAS A LIMA-ARGENTINA EL 16/05/2011,CEPAS ENVIADAS CDC EL 12-12-11,CEPAS LLEVADO A LSTMH,CEPAS ENVIADAS A PENN,EXTRACCION ADN DE AISLADOS  31MAYO 2012   ENVIADAS A PENN Y LONDR ES,DNA extract,Cepas_arg,UTCC-TC2,UTCC-TC1,UTCC-TCa/c,arg_24S,DTU,Genotipo TcI,Secuencia UTCC-TCa/c,Lab Code,SampleID,TCZ1-TCZ2,Mini exon,CDC_24S,CDC_18S,RESULT
1,TC-01,RATON,1.9.12.53,AREQUIPA,AREQUIPA,LA JOYA,VILLA LA JOYA,LA JOYA,B,,2/8/2008,1759,VECTOR,HECES,RATON,8/5/08,8/13/08,SI,SI,,,,,,TC-01,pos,neg,pos (150 pb),,Tc I,,,,,,,,,
2,TC-02,RATON,1.9.12.53,AREQUIPA,AREQUIPA,LA JOYA,VILLA LA JOYA,LA JOYA,B,,26/7/2008,1760,VECTOR,HECES,RATON,8/5/08,8/14/08,SI,SI,,,,,,TC-02,pos,neg,pos (150 pb),,Tc I,,,,,,,,,
3,TC-03,RATON,1.9.12.71,AREQUIPA,AREQUIPA,LA JOYA,VILLA LA JOYA,LA JOYA,DORMITORIO,,26/7/2008,1748,VECTOR,HECES,RATON,8/5/08,8/14/08,SI,SI,,,,SI,"""++""",TC-03,pos,neg,pos (150 pb),,Tc I,,,,,,,,,
4,TC-04,RATON,1.9.12.148,AREQUIPA,AREQUIPA,LA JOYA,VILLA LA JOYA,LA JOYA,P1,,26/7/2008,1751,VECTOR,HECES,RATON,8/5/08,9/2/08,SI,SI,,,,SI,"""++""",TC-04,pos,neg,pos (150 pb),,Tc I,,,,,,,,,
5,TC-10,RATON,1.10.2.1761,AREQUIPA,AREQUIPA,MARIANO MELGAR,PUEBLO TRADICIONAL,ENCUESTA,TECHO,,26/6/2008,1379,VECTOR,HECES,RATON,7/4/08,7/23/08,SI,SI,,,,SI,"""++""",TC-10,pos,neg,pos (150 pb),,Tc I,,,,,,,,,
7,TC-14,710,1.9.12.25,AREQUIPA,AREQUIPA,LA JOYA,VILLA LA JOYA,LA JOYA,P1,,1/10/2008,3369,VECTOR,HECES,CUY,10/6/08,10/31/08,SI,SI,,,,,,TC-14,pos,neg,pos (150 pb),,Tc I,,,,,,,,,
6,TC-15,708,1.9.11.119,AREQUIPA,AREQUIPA,LA JOYA,DUNAS Y PRIMAVERA,LA JOYA,P2,,29/9/2008,3183,VECTOR,HECES,CUY,10/6/08,11/7/08,SI,SI,,,,SI,,TC-15,pos,neg,pos (150 pb),,Tc I,,,,,,,,,
8,TC-16,711,1.9.12.54,AREQUIPA,AREQUIPA,LA JOYA,VILLA LA JOYA,LA JOYA,1.III,,2/10/2008,3457,VECTOR,HECES,CUY,10/6/08,11/7/08,SI,SI,,,,SI,"""++""",TC-16,pos,neg,pos (150 pb),,Tc I,,,,,,,,,
9,TC-19,713,1.9.12.161,AREQUIPA,AREQUIPA,LA JOYA,VILLA LA JOYA,LA JOYA,XENOD.1496,1496,,9028,VECTOR,HECES,CUY,10/16/08,11/14/08,SI,SI,,,,,,TC-19,pos,neg,pos (150 pb),,Tc I,,,,,,,,,
10,TC-20,715,1.9.12.53,AREQUIPA,AREQUIPA,LA JOYA,VILLA LA JOYA,LA JOYA,XENOD. 1414,1414,,9020,VECTOR,HECES,CUY,10/21/08,11/14/08,SI,SI,,,,SI,"""++""",TC-20,pos,neg,pos (150 pb),,Tc I,,,,,,,,,
11,TC-21,716,1.9.12.234,AREQUIPA,AREQUIPA,LA JOYA,VILLA LA JOYA,LA JOYA,XENOD. 1845,1845,,9025,VECTOR,HECES,CUY,10/21/08,11/14/08,SI,SI,,,,,,,,,,,,,,,,,,,,
12,TC-22,717,1.9.12.16,AREQUIPA,AREQUIPA,LA JOYA,VILLA LA JOYA,LA JOYA,XENOD. 1495,1495,,9015,VECTOR,HECES,CUY,10/21/08,11/14/08,SI,SI,,,,,,TC-22,pos,neg,pos (150 pb),,Tc I,,,,,,,,,
15,TC-23,1845,1.9.12.234,AREQUIPA,AREQUIPA,LA JOYA,VILLA LA JOYA,LA JOYA,B,1845,23/9/2008,2946,CUY CAMPO,SANGRE,,,10/31/08,SI,SI,,,,SI,"""++""",TC-23,pos,neg,pos (150 pb),,Tc I,,,,,,,,,
13,TC-26,721,1.9.12.56,AREQUIPA,AREQUIPA,LA JOYA,VILLA LA JOYA,LA JOYA,1.I   ,,15/10/2008,4931,VECTOR,HECES,CUY,10/21/08,11/26/08,SI,SI,,,,,,TC-26,pos,neg,pos (150 pb),,Tc I,,,,,,,,,
14,TC-27,722,1.9.12.163,AREQUIPA,AREQUIPA,LA JOYA,VILLA LA JOYA,LA JOYA,E,,10/10/2008,4154,VECTOR,HECES,CUY,10/21/08,11/26/08,SI,SI,,,,,,TC-27,pos,neg,pos (150 pb),,Tc I,,,,,,,,,
19,TC-29,729,1.9.12.148,AREQUIPA,AREQUIPA,LA JOYA,VILLA LA JOYA,LA JOYA,P1,,20/10/2008,5002,VECTOR,HECES,CUY,10/30/08,11/26/2008,NO,NO,SI,,,SI,"""++""",,,,,,,,,,,,,,,
16,TC-31,726,1.9.12.212,AREQUIPA,AREQUIPA,LA JOYA,VILLA LA JOYA,LA JOYA,B,,22/10/2008,7072,VECTOR,HECES,CUY,10/30/08,12/5/08,SI,SI,,,,,,TC-31,pos,neg,pos (150 pb),,Tc I,,,,,,,,,
17,TC-33,728,1.9.12.145,AREQUIPA,AREQUIPA,LA JOYA,VILLA LA JOYA,LA JOYA,1.VI,,16/10/2008,5596,VECTOR,HECES,CUY,10/30/08,12/5/08,SI,SI,,,,,,TC-33,pos,neg,pos (150 pb),,Tc I,,,,,,,,,
18,TC-34,731,1.9.12.198,AREQUIPA,AREQUIPA,LA JOYA,VILLA LA JOYA,LA JOYA,1.VI,,21/10/2008,5259,VECTOR,HECES,CUY,10/30/08,12/5/08,SI,SI,,,,SI,"""++""",TC-34,pos,neg,pos (150 pb),,Tc I,,,,,,,,,
20,TC-35,732,1.9.12.238,AREQUIPA,AREQUIPA,LA JOYA,VILLA LA JOYA,LA JOYA,B,,20/10/2008,6044,VECTOR,HECES,CUY,10/30/08,12/5/08,SI,SI,,,,SI,"""++""",TC-35,pos,neg,pos (150 pb),,Tc I,,,,,,,,,
21,TC-36,733,1.9.12.239,AREQUIPA,AREQUIPA,LA JOYA,VILLA LA JOYA,LA JOYA,2.IV,,23/10/2008,6460,VECTOR,HECES,CUY,10/30/08,12/5/08,SI,SI,,,,SI,"""++""",TC-36,pos,neg,pos (150 pb),,Tc I,,,,,,,,,
22,TC-37,735,1.9.12.156,AREQUIPA,AREQUIPA,LA JOYA,VILLA LA JOYA,LA JOYA,D,,30/10/2008,8149,VECTOR,HECES,CUY,11/6/08,12/5/08,SI,SI,,,,,,TC-37,pos,neg,pos (150 pb),,Tc I,,,,,,,,,
23,TC-38,736,1.9.12.209,AREQUIPA,AREQUIPA,LA JOYA,VILLA LA JOYA,LA JOYA,B,,30/10/2008,7966,VECTOR,HECES,CUY,11/6/08,12/5/08,SI,SI,,,,,,TC-38,pos,neg,pos (150 pb),,Tc I,,,,,,,,,
24,TC-39,737,1.9.12.252,AREQUIPA,AREQUIPA,LA JOYA,VILLA LA JOYA,LA JOYA,A,,26/10/2008,7764,VECTOR,HECES,CUY,11/6/08,12/5/08,SI,SI,,,,,,TC-39,pos,neg,pos (150 pb),,Tc I,,,,,,,,,
25,TC - 40,739,1.9.20.230,AREQUIPA,AREQUIPA,LA JOYA,SEMI RURAL LA JOYA,LA JOYA,1.I,,,10733,VECTOR,HECES,CUY,11/20/08,12/18/08,,,,,,,,,,,,,,,,,,,,,,
26,TC-41,2058,1.10.2.1788,AREQUIPA,AREQUIPA,MARIANO MELGAR,PUEBLO TRADICIONAL,TRANSECTO,1.VI,5484,3/23/10,3434,XENOD. PERRO,HECES,CUY,5/17/10,6/14/10,SI,NO,,,,SI,"""++""",,,,,,,,,1055,TC-41,188 pb,350 pb,110 pb,165 pb,TCI
27,TC-42,2060,1.10.2.982,AREQUIPA,AREQUIPA,MARIANO MELGAR,PUEBLO TRADICIONAL,TRANSECTO,C,3307,3/22/10,3420,XENOD. CUY,HECES,CUY,5/17/10,6/21/10,SI,SI,,,,SI,"""++""",TC-42,pos,neg,pos (150 pb),,Tc I,,,1056,TC-42,188 pb,350 pb,110 pb,165 pb,TCI
28,TC-43,2055,1.10.2.982,AREQUIPA,AREQUIPA,MARIANO MELGAR,PUEBLO TRADICIONAL,TRANSECTO,C,3306,3/22/10,3419,XENOD. CUY,HECES,CUY,5/17/10,6/21/10,SI,SI,,,,SI,"""++""",TC-43,pos,neg,pos (150 pb),,Tc I,,,1057,TC-43,188 pb,350 pb,110 pb,165 pb,TCI
29,TC-44,2054,1.10.10.147,AREQUIPA,AREQUIPA,MARIANO MELGAR,MARIANO BUSTAMANTE,TRANSECTO,B,5306,3/10/10,2924,XENOD. PERRO,HECES,CUY,5/17/10,6/14/10,SI,NO,,,,SI,"""++""",,,,,,,,,1058,TC-44,188 pb,350 pb,110 pb,165 pb,TCI
30,TC-45,2034,1.10.2.982,AREQUIPA,AREQUIPA,MARIANO MELGAR,PUEBLO TRADICIONAL,TRANSECTO,C,3306,6/21/10,3419,CUY 2055 (CEPA TC-43),SANGRE,CUY,6/21/10,7/12/10,SI,SI,,,,SI,"""++""",TC-45,pos,neg,pos (150 pb),,Tc I,,,1059,TC-45,188 pb,350 pb,110 pb,165 pb,TCI
31,TC-46,1765,1.10.9.78-79,AREQUIPA,AREQUIPA,MARIANO MELGAR,CERRO LA CHILCA,TRANSECTO,D,,3/26/10,28273,VECTOR ,HECES,CUY,3/31/10,6/15/10,SI,SI,,,,SI,"""++""",TC-46,pos,neg,pos (150 pb),,Tc I,,,1060,TC-46,188 pb,350 pb,110 pb,165 pb,TCI
32,TC-47,1699,1.10.9.76,AREQUIPA,AREQUIPA,MARIANO MELGAR,CERRO LA CHILCA,TRANSECTO,C,,3/10/10,25800,VECTOR ,HECES,CUY,3/17/10,4/21/10,SI,SI,,,,,,TC-47,pos,neg,pos (150 pb),,Tc I,,,1061,TC-47,188 pb,350 pb,110 pb,165 pb,TCI
33,TC-48,1696,1.10.9.74,AREQUIPA,AREQUIPA,MARIANO MELGAR,CERRO LA CHILCA,TRANSECTO,A,,3/10/10,25770,VECTOR ,HECES,CUY,3/17/10,3/17/10,SI,SI,,,,SI,"""++""",TC-48,pos,neg,pos (150 pb),,Tc I,,,1062,TC-48,188 pb,350 pb,110 pb,165 pb,TCI
34,TC-49,1763,1.10.2.1787,AREQUIPA,AREQUIPA,MARIANO MELGAR,PUEBLO TRADICIONAL,TRANSECTO,1.III,,3/23/10,27335,VECTOR ,HECES,CUY,3/31/10,4/21/10,SI,SI,,,,,,TC-49,pos,neg,pos (150 pb),,Tc I,,,1063,TC-49,188 pb,350 pb,110 pb,165 pb,TCI
35,TC-50,2522,NO TIENE,AREQUIPA,AREQUIPA,J.L.B Y RIVERO,J.P.V Y GUZMAN,CITOQUINAS - HOSPITAL HONORIO DELGADO,,HG 425 ,12/24/09,HS 2522,XENOD. HUMANO,HECES,RATON,7/27/10,8/13/10,SI,SI,,,,SI,"""++""",TC-50,neg,pos,157 pb,125 pb,V,,,1064,TC-50,188 pb,300 pb,110 pb,165 pb,TCIId
36,TC-51,2057,1.11.2.132,AREQUIPA,AREQUIPA,MIRAFLORES,COOP. SAN ANTONIO,ENCUESTAS ENTOMOLOGICAS DEL MINSA-GERESA,PERRERA,,6/3/10,30571,VECTOR ,HECES ,CUY,6/11/10,7/19/10,SI,SI,,,,SI,,TC-51,pos,neg,pos (150 pb),,Tc I,,,1065,TC-51,188 pb,350 pb,110 pb,165 pb,TCI
37,TC-52, CHAGAS NORTE 1,CPE 21 ,CAJAMARCA,CUTERVO,PIMPINCOS,LA ESPERANZA,ESTUDIO NORTE,PARED CERCA A CUY,,2/1/10,198,VECTOR ,HECES,CUY,2/15/10,4/21/10,SI,SI,,,,SI,"""++""",TC-52,neg,neg,200 pb,~135,III/IV,,Tc IV like,1066,TC-52,188 pb,300 pb weak ~,125 pb,155 pb,TCIIa ?
38,TC-53,RATON 2,1.24.5.230,AREQUIPA,AREQUIPA,TIABAYA,SAN JOSE,VIGILANCIA,DORMITORIO,,10/14/10,35567,VECTOR,HECES,RATON,10/22/10,11/3/10,SI,SI,,,,SI,"""++""",TC-53,pos,neg,pos (150 pb),,Tc I,,,1067,TC-53,188 pb,350 pb,110 pb,165 pb,TCI
39,TC-54,RATONCHAGAS NORTE 2,CFL004,CAJAMARCA,CUTERVO,SANTA CRUZ,CAMPO FLORIDO,ESTUDIO NORTE,1.III,,8/16/10,938,VECTOR,HECES,CUY,8/26/10,9/22/10,SI,SI,,,,,,TC-54,neg,neg,200 pb,~135,III/IV,,Tc IV like,1068,TC-54,188 pb,none,125 pb,155 pb,TCIIa
40,TC-55,RATON 1,1.10.10.147,AREQUIPA,AREQUIPA,MARIANO MELGAR,MARIANO BUSTAMANTE,TRANSECTO,A,3828,9/16/10,4142,XENOD. CUY,HECES,RATON,10/22/10,11/9/10,SI,SI,,,,SI,"""++""",TC-55,pos,neg,pos (150 pb),,Tc I,,,1069,TC-55,188 pb,350 pb,110 pb,165 pb,TCI
41,TC-56,RATON 3,5.11.1.40,CAJAMARCA,CUTERVO,SANTA CRUZ,CAMPO FLORIDO,ESTUDIO NORTE,1.III,,10/13/10,5223,VECTOR,HECES,RATON,10/26/10,11/5/10,SI,SI,,,,SI,"""++""",TC-56,neg,neg,200 pb,~135,III/IV,,Tc IV like,1070,TC-56,188 pb,none,125 pb,155 pb,TCIIa
42,TC-57 ,RATON 4,1.24.5.236,AREQUIPA,AREQUIPA,TIABAYA,SAN JOSE,VIGILANCIA,B,,10/27/10,35876,VECTOR,HECES,RATON,11/11/10,11/26/10,SI,SI,,,,SI,"""++""",TC-57,pos,neg,pos (150 pb),,Tc I,,,1071,TC-57,188 pb,350 pb,110 pb,165 pb,TCI
43,TC-58,RATON 5,1.24.5.235,AREQUIPA,AREQUIPA,TIABAYA,SAN JOSE,VIGILANCIA,B,,10/27/10,35909,VECTOR,HECES,RATON,11/11/10,11/26/10,SI,SI,,,,,,TC-58,pos,neg,pos (150 pb),,Tc I,,,1072,TC-58,188 pb,350 pb,110 pb,165 pb,TCI
44,TC-59,RATON 6,5.6.2.51,CAJAMARCA,CUTERVO,PIMPINCOS,LA ESPERANZA,ESTUDIO NORTE,A,,10/26/10,5797,VECTOR,HECES,RATON,11/11/10,12/2/10,SI,SI,,,,SI,"""++""",TC59,pos,neg,150 pb,,I,Id,,1073,TC-59,188 pb,350 pb,110 pb,165 pb,TCI
45,TC-60,RATON 7,5.6.2.51,CAJAMARCA,CUTERVO,PIMPINCOS,LA ESPERANZA,ESTUDIO NORTE,A,,10/26/10,5816,VECTOR,HECES,RATON,11/11/10,12/9/10,SI,SI,,,,SI,"""++""",TC-60,pos,neg,150 pb,,I,Id,,1074,TC-60,188 pb,350 pb,110 pb,165 pb,TCI
46,TC-61,CUY CAMPO 3307,1.10.2.982,AREQUIPA,AREQUIPA,MARIANO MELGAR,PUEBLO TRADICIONAL,TRANSECTO,C,3307,10/12/10,3420,CUY CAMPO,SANGRE,,,12/10/10,SI,NO,,,,SI,"""++""",TC-61,pos,neg,150 pb,,I,ND,,1075,TC-61,188 pb,350 pb,110 pb,165 pb,TCI
50,TC - 61A,CUY CAMPO 3307,1.10.2.982,AREQUIPA,AREQUIPA,MARIANO MELGAR,PUEBLO TRADICIONAL,TRANSECTO,C,3307,30-05-11,3420,CUY CAMPO,SANGRE,,,5/30/11,NO,NO,,,,SI,"""++""",,,,,,,,,,,,,,,
47,TC-62 ,RATON CHAGAS NORTE 3,5.11.3.6,Cajamarca ,Cutervo,Santa Cruz,Naranjal,"ESTUDIO NORTE
(KAREN)",1.I,8692,,5627,XENOD. CUY,HECES,RATON,1/11/11,1/27/11,SI,SI,,,,SI,"""++""",TC-62,neg,neg,pos (200 pb),,Tc III/IV,,,,,,,,,
48,TC.63,RATON,1.23.26.8,AREQUIPA,AREQUIPA,UCHUMAYO ,LA RINCONADA,VIGILANCIA,DORMITORIO,,26/12/10,37252,VECTOR,HECES,RATON,1/11/11,1/31/11,SI,SI,,,,SI,,TC-63,pos,neg,pos (150 pb),,Tc I,,,,,,,,,
49,TC-64,RATON,1.10.2.1407,AREQUIPA,AREQUIPA,MARIANO MELGAR,PUEBLO TRADICIONAL,TRANSECTO ,B,3888,21/09/10,4223,XENOD. CUY,HECES,RATON,12/3/10,1/27/11,SI,SI,,,,SI,"""++""",TC-64,pos,neg,pos (150 pb),,Tc I,,,,,,,,,
51,TC - 65,RATON 51,1.10.9.77,AREQUIPA,AREQUIPA,MARIANO MELGAR,CERRO LA CHILCA,TRANSECTO1-3,P2,,10/5/11,41436,VECTOR,HECES,RATON,5/27/11,6/15/11,NO,NO,SI,,,SI,"""++""",,,,,,,,,,,,,,,
52,TC - 66,2061,1.18.2.79,AREQUIPA,AREQUIPA,SACHACA,ALTO GUADALUPE,VIGILANCIA,DOR,,1/2/11,37637,VECTOR,HECES,CUY,2/17/11,3/24/11,NO,NO,NO,,,SI,"""++""",,,,,,,,,,,,,,,
53,TC - 67,2062,1.18.2.79,AREQUIPA,AREQUIPA,SACHACA,ALTO GUADALUPE,VIGILANCIA,P2,,8/2/11,37644,VECTOR,HECES,CUY,2/17/11,3/18/11,NO,NO,NO,,,SI,,,,,,,,,,,,,,,,
54,TC - 68,RATON 16,1.10.36.463,AREQUIPA,AREQUIPA,MARIANO MELGAR,JERUSALEN,EP1,B,,9/3/11,39216,VECTOR,HECES,RATON,3/10/11,4/6/11,NO,NO,SI,,,,,,,,,,,,,,,,,,,
55,TC - 69,RATON 17,1.10.36.463,AREQUIPA,AREQUIPA,MARIANO MELGAR,JERUSALEN,EP1,1.IV,,9/3/11,39207,VECTOR,HECES,RATON,3/10/11,3/24/11,NO,NO,SI,,,,,,,,,,,,,,,,,,,
56,TC - 70,RATON 23,1.10.2.982,AREQUIPA,AREQUIPA,MARIANO MELGAR,PUEBLO TRADICIONAL,TRANSECTO1-3,C,,31-3-11,39965,VECTOR,HECES,RATON,4/11/11,5/6/11,NO,NO,NO,,,,,,,,,,,,,,,,,,,
57,TC - 71,RATON 24,1.10.2.1026,AREQUIPA,AREQUIPA,MARIANO MELGAR,PUEBLO TRADICIONAL,TRANSECTO1-3,P3,,1/4/11,39856,VECTOR,HECES,RATON,4/11/11,5/5/11,NO,NO,NO,,,,,,,,,,,,,,,,,,,
58,TC - 72,RATON 25,1.10.2.1341,AREQUIPA,AREQUIPA,MARIANO MELGAR,PUEBLO TRADICIONAL,TRANSECTO1-3,P1,,7/4/11,40132,VECTOR,HECES,RATON,4/12/11,5/9/11,NO,NO,SI,,,,,,,,,,,,,,,,,,,
59,TC - 73,RATON 26,1.10.2.981,AREQUIPA,AREQUIPA,MARIANO MELGAR,PUEBLO TRADICIONAL,TRANSECTO1-3,P1,,5/4/11,40137,VECTOR,HECES,RATON,4/12/11,5/18/11,NO,NO,NO,,,SI,"""++""",,,,,,,,,,,,,,,
60,TC - 74,RATON 27,1.10.2.1340A,AREQUIPA,AREQUIPA,MARIANO MELGAR,PUEBLO TRADICIONAL,TRANSECTO1-3,P1,,8/4/11,40139,VECTOR,HECES,RATON,4/12/11,4/29/11,NO,NO,NO,,,,,,,,,,,,,,,,,,,
61,TC - 75,RARON 29,1.10.2.982,AREQUIPA,AREQUIPA,MARIANO MELGAR,PUEBLO TRADICIONAL,TRANSECTO1-3,P1,,1/3/11,40026,VECTOR,HECES,RATON,4/29/11,5/19/11,NO,NO,SI,,,SI,,,,,,,,,,,,,,,,
62,TC - 76,RATON 30,1.10.2.1787,AREQUIPA,AREQUIPA,MARIANO MELGAR,PUEBLO TRADICIONAL,TRANSECTO1-3,P4,,19-4-11,40339,VECTOR,HECES,RATON,4/29/11,5/14/11,NO,NO,SI,,,SI,,,,,,,,,,,,,,,,
63,TC - 77,RATON 31,1.10.2.1787,AREQUIPA,AREQUIPA,MARIANO MELGAR,PUEBLO TRADICIONAL,TRANSECTO1-3,P1,,19-4-11,40341,VECTOR,HECES,RATON,4/29/11,5/18/11,NO,NO,SI,,,SI,"""++""",,,,,,,,,,,,,,,
64,TC - 78,RATON 32,1.10.2.1787,AREQUIPA,AREQUIPA,MARIANO MELGAR,PUEBLO TRADICIONAL,TRANSECTO1-3,C,,19-4-11,40363,VECTOR,HECES,RATON,4/29/11,5/18/11,NO,NO,SI,,,,,,,,,,,,,,,,,,,
65,TC - 79,RATON 35,1.10.2.983,AREQUIPA,AREQUIPA,MARIANO MELGAR,PUEBLO TRADICIONAL,TRANSECTO1-3,P2,,2/5/2011,40758,VECTOR,HECES,RATON,5/5/11,5/18/11,NO,NO,NO,,,SI,"""++""",,,,,,,,,,,,,,,
66,TC - 80,RATON 37,1.10.2.1790,AREQUIPA,AREQUIPA,MARIANO MELGAR,PUEBLO TRADICIONAL,TRANSECTO1-3,1.IV,,12/5/2011,41169,VECTOR,HECES,RATON,5/23/11,6/9/11,NO,NO,SI,,,,,,,,,,,,,,,,,,,
67,TC - 81,RATON 41,1.10.9.75,AREQUIPA,AREQUIPA,MARIANO MELGAR,CERRO LA CHILCA,TRANSECTO1-3,A,,9/5/2011,40942,VECTOR,HECES,RATON,5/23/11,6/21/11,NO,NO,SI,,,SI,"""++""",,,,,,,,,,,,,,,
68,TC - 82,RATON 43,1.10.9.75,AREQUIPA,AREQUIPA,MARIANO MELGAR,CERRO LA CHILCA,TRANSECTO1-3,1.III,,9/5/2011,40960,VECTOR,HECES,RATON,5/23/11,6/21/11,NO,NO,NO,,,,,,,,,,,,,,,,,,,
69,TC - 83,RATON 40,1.10.9.76,AREQUIPA,AREQUIPA,MARIANO MELGAR,CERRO LA CHILCA,TRANSECTO1-3,B,,10/5/2011,41065,VECTOR,HECES,RATON,5/23/11,6/15/11,NO,NO,NO,,,,,,,,,,,,,,,,,,,
70,TC - 84,RATON 44,1.10.9.75,AREQUIPA,AREQUIPA,MARIANO MELGAR,CERRO LA CHILCA,TRANSECTO1-3,P2,,10/5/2011,41039,VECTOR,HECES,RATON,5/23/11,6/15/11,NO,NO,SI,,,SI,"""++""",,,,,,,,,,,,,,,
71,TC - 85,RATON 47,1.10.9.75,AREQUIPA,AREQUIPA,MARIANO MELGAR,CERRO LA CHILCA,TRANSECTO1-3,Q,,9/5/2011,40851,VECTOR,HECES,RATON,5/23/11,6/7/11,NO,NO,SI,,,SI,"""++""",,,,,,,,,,,,,,,
72,TC - 86,RATON 45,1.10.9.75,AREQUIPA,AREQUIPA,MARIANO MELGAR,CERRO LA CHILCA,TRANSECTO1-3,P4,,10/5/2011,41088,VECTOR,HECES,RATON,5/23/11,6/18/11,NO,NO,SI,,,SI,"""++""",,,,,,,,,,,,,,,
73,TC - 87,2067,1.18.2.80,AREQUIPA,AREQUIPA,SACHACA,ALTO GUADALUPE,VIGILANCIA,C,,21-6-11,43705,VECTOR,HECES,CUY,6/27/11,,NO,NO,SI,,,SI,"""++""",,,,,,,,,,,,,,,
74,TC - 88,RATON 53,1.10.10.123,AREQUIPA,AREQUIPA,MARIANO MELGAR,MARIANO BUSTAMANTE,,"NO HAY, ENTREGO DUEÑA",,25-5-11,41762,VECTOR,HECES,RATON,5/27/11,6/17/11,NO,NO,SI,,,SI,"""++""",,,,,,,,,,,,,,,
75,TC - 89,RATON 42,1.10.9.75,AREQUIPA,AREQUIPA,MARIANO MELGAR,CERRO LA CHILCA,TRANSECTO1-3,1.VI,,9/5/2011,40993,VECTOR,HECES,RATON,5/23/11,6/17/11,NO,NO,SI,,,SI,"""++""",,,,,,,,,,,,,,,
76,TC - 90,2074,1.10.10.144,AREQUIPA,AREQUIPA,MARIANO MELGAR,MARIANO BUSTAMANTE,MINSA ROCIADO 1,PIRCA DE SILLAR,,6/7/2011,44771,VECTOR,HECES,CUY,7/15/11,,NO,NO,SI,,,SI,"""++""",,,,,,,,,,,,,,,
77,TC - 91,RATON 52,1.10.9.77,AREQUIPA,AREQUIPA,MARIANO MELGAR,CERRO LA CHILCA,TRANSECTO1-3,P1,,10/5/2011,41446,VECTOR,HECES,RATON,5/27/11,7/8/11,NO,NO,SI,,,SI,,,,,,,,,,,,,,,,
78,TC - 92,RATON 50,1.10.9.77,AREQUIPA,AREQUIPA,MARIANO MELGAR,CERRO LA CHILCA,TRANSECTO1-3,P3,,10/5/2011,41433,VECTOR,HECES,RATON,5/27/11,7/8/11,NO,NO,NO,,,SI,"""++""",,,,,,,,,,,,,,,
79,TC - 93,2068,1.18.2.80,AREQUIPA,AREQUIPA,SACHACA,ALTO GUADALUPE,VIGILANCIA,P1,,21-6-11,43708,VECTOR,HECES,CUY,6/27/11,,NO,NO,SI,,,SI,"""++""",,,,,,,,,,,,,,,
80,TC - 94,CUY A,1.10.2.1784,AREQUIPA,AREQUIPA,MARIANO MELGAR,PUEBLO TRADICIONAL,MINSA ROCIADO 1,,,25-5-11,41751,VECTOR,HECES,CUY,6/9/11,7/8/11,NO,NO,SI,,,SI,,,,,,,,,,,,,,,,
81,TC - 95,RATON 39,1.10.37.1124,AREQUIPA,AREQUIPA,MARIANO MELGAR,GENERALISIMO SAN MARTIN,MINSA ROCIADO 1,TECHO,,6/5/2011,40568,VECTOR,HECES,RATON,5/23/11,7/15/11,NO,NO,NO,,,SI,"""++""",,,,,,,,,,,,,,,
95,TC - 96,2070,1.10.10.134,AREQUIPA,AREQUIPA,MARIANO MELGAR,MARIANO BUSTAMANTE,MINSA ROCIADO 1,DOR,,6/7/2011,44761,VECTOR,HECES,CUY,7/15/11,4/8/2011,NO,NO,SI,,,SI,"""++""",,,,,,,,,,,,,,,
83,TC - 97,2073,1.10.10.146,AREQUIPA,AREQUIPA,MARIANO MELGAR,MARIANO BUSTAMANTE,MINSA ROCIADO 1,CUYERO,,6/7/2011,45499,VECTOR,HECES,CUY,7/15/11,18/08/11,NO,NO,SI,,,,,,,,,,,,,,,,,,,
84,TC - 98,2078,1.10.10.59,AREQUIPA,AREQUIPA,MARIANO MELGAR,MARIANO BUSTAMANTE,MINSA ROCIADO 1,BAÑO,,7/7/2011,45464,VECTOR,HECES,CUY,7/15/11,11/8/2011,NO,NO,SI,,,,,,,,,,,,,,,,,,,
85,TC - 99,2075,1.10.10.134,AREQUIPA,AREQUIPA,MARIANO MELGAR,MARIANO BUSTAMANTE,MINSA ROCIADO 1,TECHO,,6/7/2011,45508,VECTOR,HECES,CUY,7/15/11,11/8/2011,NO,NO,SI,,,SI,"""++""",,,,,,,,,,,,,,,
86,TC - 100,2076,1.10.10.68,AREQUIPA,AREQUIPA,MARIANO MELGAR,MARIANO BUSTAMANTE,MINSA ROCIADO 1,P1,,7/7/2011,44406,VECTOR,HECES,CUY,7/15/11,11/8/2011,NO,NO,SI,,,SI,"""++""",,,,,,,,,,,,,,,
87,TC - 101,2079,1.10.13.260,AREQUIPA,AREQUIPA,MARIANO MELGAR,ATALAYA,MINSA ROCIADO 1,DOR,,12/7/2011,44899,VECTOR,HECES,CUY,7/15/11,11/8/2011,NO,NO,SI,,,SI,"""++""",,,,,,,,,,,,,,,
88,TC - 102,2072,1.10.10.147,AREQUIPA,AREQUIPA,MARIANO MELGAR,MARIANO BUSTAMANTE,TRANSECTO 1-4,P3,,6/7/2011,45156,VECTOR,HECES,CUY,7/15/11,4/8/2011,NO,NO,SI,,,SI,"""++""",,,,,,,,,,,,,,,
89,TC - 103,2077,1.10.9.75,AREQUIPA,AREQUIPA,MARIANO MELGAR,CERRO LA CHILCA,TRANSECTO 1-4,L,,11/7/2011,44560,VECTOR,HECES,CUY,7/15/11,2/9/2011,NO,NO,SI,,,SI,"""++""",,,,,,,,,,,,,,,
90,TC - 104,2087,1.10.2.1790,AREQUIPA,AREQUIPA,MARIANO MELGAR,PUEBLO TRADICIONAL,TRANSECTO 1-4,P7,,18-7-11,45878,VECTOR,HECES,CUY,27/07/11,18/08/11,NO,NO,SI,,,SI,"""++""",,,,,,,,,,,,,,,
91,TC - 105,2088,1.10.2.1354,AREQUIPA,AREQUIPA,MARIANO MELGAR,PUEBLO TRADICIONAL,MINSA ROCIADO 1,cuyero,,19-7-11,46406,VECTOR,HECES,CUY,27707/11,25-08-11,NO,NO,SI,,,SI,,,,,,,,,,,,,,,,
92,TC106,2069,1.18.2.79,AREQUIPA,AREQUIPA,SACHACA,ALTO GUADALUPE,VIGILANCIA,1.IV,,21/06/2011,43710,VECTOR,HECES,CUY,6/27/11,7/21/11,NO,NO,SI,,,SI,"""++""",,,,,,,,,,,,,,,
93,TC-107,2065,1.10.10.130,AREQUIPA,AREQUIPA,MARIANO MELGAR,MARIANO BUSTAMANTE,TRANSECTO1-3,P1,,8/6/2011,42936,VECTOR,HECES,CUY,6/9/11,7/21/11,NO,NO,SI,,,SI,,,,,,,,,,,,,,,,
94,TC-108,2086,1.10.13.254,AREQUIPA,AREQUIPA,MARIANO MELGAR,ATALAYA,MINSA ROCIADO 1,CUYERO,,12/7/2011,46142,VECTOR,HECES,CUY,27/07/11,25/09/11,NO,NO,SI,,,SI,"""++""",,,,,,,,,,,,,,,
95,TC-109,2084,1.10.10.126,AREQUIPA,AREQUIPA,MARIANO MELGAR,MARIANO BUSTAMANTE,MINSA ROCIADO 1,COCINA,,24/07/2011,46580,VECTOR,HECES,CUY,2/8/11,21/09/11,NO,NO,SI,,,SI,,,,,,,,,,,,,,,,
96,TC-110,2083,1.10.13.218,AREQUIPA,AREQUIPA,MARIANO MELGAR,ATALAYA,MINSA ROCIADO 1,TALLER,,12/7/2011,46206,VECTOR,HECES,CUY,27/07/11,21/09/11,NO,NO,SI,,,SI,,,,,,,,,,,,,,,,
97,TC-111,2085,1.10.2.1785,AREQUIPA,AREQUIPA,MARIANO MELGAR,PUEBLO TRADICIONAL,MINSA ROCIADO 1,PATIO,,26/07/2011,46632,VECTOR,HECES,CUY,2/8/11,21/09/11,NO,NO,SI,,,SI,,,,,,,,,,,,,,,,
98,TC-112,2081,1.10.2.1790,AREQUIPA,AREQUIPA,MARIANO MELGAR,PUEBLO TRADICIONAL,TRANSECTO 1-4,P5,,18/07/2011,45862,VECTOR,HECES,CUY,27/07/11,21/09/11,NO,NO,SI,,,,,,,,,,,,,,,,,,,
99,TC-113,RATON 54,1.18.2.55,AREQUIPA,AREQUIPA,SACHACA,ALTO GUADALUPE,VIGILANCIA 1,PATIO,,9/9/2011,49235,VECTOR,HECES,RATON,26/09/11,7/10/2011,NO,NO,SI,,,SI,,,,,,,,,,,,,,,,
100,TC-114,2093,1.18.2.55,AREQUIPA,AREQUIPA,SACHACA,ALTO GUADALUPE,VIGILANCIA 3,P2,,24/08/2011,47181,VECTOR,HECES,CUY,2/9/11,29/09/1,NO,NO,SI,,,SI,,,,,,,,,,,,,,,,
101,TC-115,2094,1.10.2.1025,AREQUIPA,AREQUIPA,MARIANO MELGAR,PUEBLO TRADICIONAL,TRANSECTO 1-4,E,,03/08/2011,46731,VECTOR,HECES,CUY,2/9/11,21/10/11,NO,NO,NO,,,SI,,,,,,,,,,,,,,,,
102,TC-116,2095,1.10.2.1789,AREQUIPA,AREQUIPA,MARIANO MELGAR,PUEBLO TRADICIONAL,TRANSECTO1-4,P2,,21/08/2011,47086,VECTOR,HECES,CUY,2/9/11,21/10/11,NO,NO,NO,,,SI,,,,,,,,,,,,,,,,
103,TC- 117,2089,1.10.2.974,AREQUIPA,AREQUIPA,MARIANO MELGAR,PUEBLO TRADICIONAL,MINSA ROCIADO 1,PERRERA,,13/7/2011,46343,VECTOR,HECES,CUY,27/7/2011,21/9/2011,NO,NO,NO,,,SI,"""++""",,,,,,,,,,,,,,,
104,TC-118,RATON 58,1.3.37.128-A,AREQUIPA,AREQUIPA,CAYMA,PUEBLOTRADICIONAL LA TOMILA,MINSA ROCIADO 1,AZOTEA,,30/9/2011,47778,VECTOR,HECES,RATON,14/10/2011,15/11/2011,NO,NO,NO,,,SI,"""++""",,,,,,,,,,,,,,,
105,TC-119,RATON 64,1.3.69.423,AREQUIPA,AREQUIPA,CAYMA,BUENOS AIRES,MINSA ROCIADO 1,DORMITORIO,,15/11/2011,49511,VECTOR,HECES,RATON,22/11/2011,9/12/2011,NO,NO,NO,,,SI,"""++""",,,,,,,,,,,,,,,
106,TC-120,RATON 65,1.23.26.8,AREQUIPA,AREQUIPA,UCHUMAYO,LA RINCONADA,VIGILANCIA 3,1.II,,06/12/2011,50233,VECTOR,HECES,RATON,9/12/11,3/1/2012,NO,NO,NO,,,SI,"""++""",,,,,,,,,,,,,,,
107,TC-121,RATON 66,1.23.26.8,AREQUIPA,AREQUIPA,UCHUMAYO,LA RINCONADA,VIGILANCIA 3,P1,,06/12/2011,50236,VECTOR,HECES,RATON,9/12/11,6/1/2012,NO,NO,NO,,,SI,"""++""",,,,,,,,,,,,,,,
108,TC - 122,RATON 69,1.3.47.30,AREQUIPA,AREQUIPA,CAYMA,SAN MARTIN DE PORRES,MINSA ROCIADO 1,DORMITORIO,,06/12/2011,50870,VECTOR,HECES,RATON,19/12/2011,27/1/2012,NO,NO,NO,,,SI,"""++""",,,,,,,,,,,,,,,
109,TC - 123,2066,1.18.2.78,AREQUIPA,AREQUIPA,SACHACA,ALTO GUADALUPE,VIGILANCIA 3,A,,21/06/2012,43701,VECTOR,HECES,CUY,6/27/11,7/21/11,NO,NO,NO,,,SI,"""++""",,,,,,,,,,,,,,,
110,TC - 124,RATON 74,1.10.9.76,AREQUIPA,AREQUIPA,MARIANO MELGAR,CERRO LA CHILCA,TRANSECTO1-3,1.I,,10/05/2012,41035,VECTOR,HECES,RATON,31/01/2012,09/04/2012,NO,NO,NO,,,,,,,,,,,,,,,,,,,
111,TC - 125,RATON 90,1.8.12.140,AREQUIPA,AREQUIPA,J.L.B Y RIVERO,SIMON BOLIVAR,VIGILANCIA 1,CORRAL,,11/06/2012,51796,VECTOR,HECES,RATON,18/06/2012,26/06/2012,NO,NO,NO,,,,,,,,,,,,,,,,,,,
112,TC - 126,RATON 91,1.8.12.130,AREQUIPA,AREQUIPA,J.L.B Y RIVERO,SIMON BOLIVAR,VIGILANCIA 3,P1,,01/07/2012,52016,VECTOR,HECES,RATON,11/7/12,24/07/2012,NO,NO,NO,,,,,,,,,,,,,,,,,,,
113,TC - 127,RATON 93,1.24.3.158,AREQUIPA,AREQUIPA,TIABAYA,ALTO PATASAHUA,VIGILANCIA 1,SALA,,04/08/2012,52946,VECTOR,HECES,RATON,6/8/12,17/08/2012,NO,NO,NO,,,,,,,,,,,,,,,,,,,
114,TC - 128,RATON 107,1.24.3.163,AREQUIPA,AREQUIPA,TIABAYA,ALTO PATASAHUA,VIGILANCIA 3,P1,,14/09/2012,52981,VECTOR,HECES,RATON,18/09/2012,27/09/2012,NO,NO,NO,,,,,,,,,,,,,,,,,,,
115,TC - 129,RATON 144,1.9.20.230,AREQUIPA,AREQUIPA,LA JOYA,SEMI RURAL LA JOYA,VIGILANCIA 2,1.I,,18/03/2013,53615,VECTOR,HECES,RATON,22/3/2013,02/04/2013,NO,NO,NO,,,,,,,,,,,,,,,,,,,
116,TC - 130,RATON 147,1.9.20.230,AREQUIPA,AREQUIPA,LA JOYA,SEMI RURAL LA JOYA,VIGILANCIA 3,1.III,,26/03/2013,53901,VECTOR,HECES,RATON,12/4/13,22/04/2013,NO,NO,NO,,,,,,,,,,,,,,,,,,,
117,TC - 131,RATON 148,1.9.20.230,AREQUIPA,AREQUIPA,LA JOYA,SEMI RURAL LA JOYA,VIGILANCIA 3,C,,26/03/2013,53905,VECTOR,HECES,RATON,12/4/13,25/04/2013,NO,NO,NO,,,,,,,,,,,,,,,,,,,
118,TC - 132,RATON 162,1.11.18.127,AREQUIPA,AREQUIPA,MIRAFLORES,EDIFICADORES MISTI ZONA B,MINSA ROCIADO 1,DORMITORIO,,18/04/2013,54214,VECTOR,HECES,RATON,9/5/13,24/05/2013,NO,NO,NO,,,,,,,,,,,,,,,,,,,
119,TC - 133,RATON 167,1.11.20.84,AREQUIPA,AREQUIPA,MIRAFLORES,ALFONSO UGARTE Y LAS PEÑAS,MINSA ROCIADO 1,DORMITORIO,,09/10/2013,56172,VECTOR,HECES,RATON,12/7/13,19/07/2013,NO,NO,NO,,,,,,,,,,,,,,,,,,,
120,TC - 134,RATON 168,1.11.20.82,AREQUIPA,AREQUIPA,MIRAFLORES,ALFONSO UGARTE Y LAS PEÑAS,MINSA ROCIADO 1,1.I,,10/07/2013,56207,VECTOR,HECES,RATON,12/7/13,19/07/2013,NO,NO,NO,,,,,,,,,,,,,,,,,,,
121,TC - 135,RATON 172,NO HAY CODIGO,AREQUIPA,CAYLLOMA,MURCO,NO HAY,MINSA ROCIADO ,P1,,11/11/2013,57983,VECTOR,HECES,RATON,14/11/2013,21/11/2013,NO,NO,NO,,,,,,,,,,,,,,,,,,,
122,TC - 136,RATON 176,1.11.7.18,AREQUIPA,AREQUIPA,MIRAFLORES,CUARTEL GENERAL SALAVERRY,MINSA ROCIADO 2,CUYERO,,15/04/2014,59376,VECTOR,HECES,RATON,16/4/2014,25/4/2014,NO,NO,NO,,,,,,,,,,,,,,,,,,,
123,TC - 137,RATON 177,1.11.7.15,AREQUIPA,AREQUIPA,MIRAFLORES,CUARTEL GENERAL SALAVERRY,MINSA ROCIADO 2,PERIDOMOCILIO,,11/04/2014,59413,VECTOR,HECES,RATON,16/4/2014,09/05/2014,NO,NO,NO,,,,,,,,,,,,,,,,,,,
124,TC - 138,RATON 178,1.26.6.111,AREQUIPA,AREQUIPA,VITOR,LA CALETA,VIGILANCIA 1,NO HAY LUGAR DE CAPTURA,,17/12/22013,58040,VECTOR,HECES,RATON,28/2/2014,25/4/2014,NO,NO,NO,,,,,,,,,,,,,,,,,,,
125,TC - 139,RATON 181,1.24.5.205,AREQUIPA,AREQUIPA,TIABAYA,SAN JOSE,VIGILANCIA 2,1.II,,24/2/2015,64679,VECTOR,HECES,RATON,27/2/2015,10/03/2015,NO,NO,NO,,,,,,,,,,,,,,,,,,,
126,TC - 140,DIRECTO A MEDIO,1.24.5.240,AREQUIPA,AREQUIPA,TIABAYA,SAN JOSE,VIGILANCIA 3,P1,,03/06/2015,65125,VECTOR,HECES,,- ,10/06/2015,NO,NO,NO,,,,,,,,,,,,,,,,,,,
,,,,,,,,,,,,,,,,,,,,,,,,,,,,,,,,,,,,,,,
,,,,,,,,,,,,,,,,,,,,,,,,,,,,,,,,,,,,,,,
,,,,,,,,,,,,,,,,,,,,,,,,,,,,,,,,,,,,,,,
,,,,,,,,,,,,,,,,,,,,,,,,,,,,,,,,,,,,,,,
,,,,,,,,,,,,,,,,,,,,,,,,,,,,,,,,,,,,,,,
,,,,,,,,,,,,,,,,,,,,,,,,,,,,,,,,,,,,,,,
,15,"SE PERDIERON, SE CONTAMINARON CON LEVADURAS.  were lost ",,,,,,,,,,,,,,,,,,,,,,,,,,,,,,,,,,,,,
,19,"EN RECUPERACION, contaminadas con levaduras/bacterias",,,,,,,,,,,,,,,,,,,,,,,,,,,,,,,,,,,,,
